id,name,contact,memberType
M0001,Robert Williams,+1-555-091-3944,Faculty
M0002,Karen Smith,+1-555-125-7590,Student
M0003,Mary White,+1-555-858-8089,Faculty
M0004,John Jones,+1-555-183-7659,Student
M0005,Elizabeth Wilson,+1-555-644-5233,Faculty
M0006,Mary Thomas,+1-555-081-6869,Student
M0007,Mary Williams,+1-555-621-7758,Faculty
M0008,Jessica Johnson,+1-555-525-1278,Student
M0009,Michael Davis,+1-555-137-9080,Faculty
M0010,Charles Wilson,+1-555-082-9915,Student
M0011,Karen Taylor,+1-555-976-5872,Faculty
M0012,Karen Moore,+1-555-448-2156,Student
M0013,Mary Davis,+1-555-571-0370,Faculty
M0014,Elizabeth Moore,+1-555-641-0520,Student
M0015,Richard Rodriguez,+1-555-276-6580,Faculty
M0016,Michael Rodriguez,+1-555-442-0276,Student
M0017,James Martinez,+1-555-330-8631,Faculty
M0018,Mary Miller,+1-555-399-7482,Student
M0019,Jennifer Rodriguez,+1-555-178-3491,Faculty
M0020,Jennifer Martinez,+1-555-017-1972,Student
M0021,Michael Williams,+1-555-798-7868,Faculty
M0022,Karen Anderson,+1-555-283-6752,Student
M0023,Barbara Williams,+1-555-561-1521,Faculty
M0024,Linda Thomas,+1-555-104-1770,Student
M0025,John White,+1-555-569-2937,Faculty
M0026,James Wilson,+1-555-575-3111,Student
M0027,William Williams,+1-555-836-7174,Faculty
M0028,Linda Williams,+1-555-479-5606,Student
M0029,Jennifer Davis,+1-555-954-7683,Faculty
M0030,Richard Moore,+1-555-402-3711,Student
M0031,Patricia Rodriguez,+1-555-273-6616,Faculty
M0032,Richard Taylor,+1-555-429-1493,Student
M0033,Karen Jackson,+1-555-699-1666,Faculty
M0034,Patricia Taylor,+1-555-598-1413,Student
M0035,William Wilson,+1-555-529-6765,Faculty
M0036,Linda Davis,+1-555-197-7223,Student
M0037,Susan Brown,+1-555-539-7932,Faculty
M0038,David Hernandez,+1-555-395-2906,Student
M0039,Jessica Thompson,+1-555-653-7212,Faculty
M0040,James Davis,+1-555-965-3801,Student
M0041,James Rodriguez,+1-555-188-2231,Faculty
M0042,David Brown,+1-555-897-2169,Student
M0043,James Thompson,+1-555-670-1628,Faculty
M0044,Patricia Thompson,+1-555-535-5210,Student
M0045,Barbara Smith,+1-555-373-6217,Faculty
M0046,Jessica Miller,+1-555-081-9876,Student
M0047,Susan Smith,+1-555-924-8307,Faculty
M0048,Charles Williams,+1-555-626-9625,Student
M0049,Robert Jones,+1-555-544-1306,Faculty
M0050,Elizabeth Taylor,+1-555-875-0039,Student
M0051,Sarah Wilson,+1-555-335-1400,Faculty
M0052,Susan Garcia,+1-555-545-4228,Student
M0053,Joseph Martin,+1-555-748-6736,Faculty
M0054,Michael Martinez,+1-555-103-4690,Student
M0055,Susan Miller,+1-555-688-4992,Faculty
M0056,James Jones,+1-555-202-9898,Student
M0057,Jessica Smith,+1-555-194-7505,Faculty
M0058,Robert Hernandez,+1-555-984-5010,Student
M0059,Charles Williams,+1-555-464-8947,Faculty
M0060,Richard Martin,+1-555-167-0681,Student
M0061,Linda Anderson,+1-555-235-6740,Faculty
M0062,Charles Wilson,+1-555-540-4216,Student
M0063,Thomas Brown,+1-555-271-5080,Faculty
M0064,Sarah Jackson,+1-555-113-9536,Student
M0065,Joseph Thompson,+1-555-215-7151,Faculty
M0066,James Hernandez,+1-555-972-9055,Student
M0067,Patricia Wilson,+1-555-973-4403,Faculty
M0068,James Thompson,+1-555-062-1805,Student
M0069,Joseph Rodriguez,+1-555-807-5257,Faculty
M0070,Susan Jackson,+1-555-889-6793,Student
M0071,Jennifer Martin,+1-555-523-7485,Faculty
M0072,Sarah Thomas,+1-555-305-7838,Student
M0073,Jennifer Wilson,+1-555-579-5800,Faculty
M0074,Karen Davis,+1-555-484-9058,Student
M0075,Joseph Thompson,+1-555-529-5179,Faculty
M0076,Thomas Martin,+1-555-489-9939,Student
M0077,Joseph Jackson,+1-555-596-3747,Faculty
M0078,Charles Thompson,+1-555-684-4218,Student
M0079,Susan Hernandez,+1-555-504-3605,Faculty
M0080,Jessica Davis,+1-555-576-7689,Student
M0081,Jessica Taylor,+1-555-194-0976,Faculty
M0082,John Hernandez,+1-555-427-0414,Student
M0083,William Miller,+1-555-185-6927,Faculty
M0084,Michael Moore,+1-555-709-0416,Student
M0085,Karen Rodriguez,+1-555-798-7254,Faculty
M0086,James Johnson,+1-555-424-6254,Student
M0087,William Moore,+1-555-748-2690,Faculty
M0088,Elizabeth White,+1-555-673-1989,Student
M0089,Sarah Jones,+1-555-168-7004,Faculty
M0090,Sarah Miller,+1-555-285-2440,Student
M0091,Thomas Williams,+1-555-081-9668,Faculty
M0092,Sarah Thomas,+1-555-004-8279,Student
M0093,John Brown,+1-555-512-3975,Faculty
M0094,Mary Johnson,+1-555-482-1259,Student
M0095,Sarah Jones,+1-555-633-8458,Faculty
M0096,Joseph Wilson,+1-555-824-4421,Student
M0097,John Thompson,+1-555-400-7534,Faculty
M0098,Thomas Anderson,+1-555-310-2564,Student
M0099,Linda Taylor,+1-555-653-1212,Faculty
M0100,Jennifer Johnson,+1-555-468-4029,Student
M0101,Karen Smith,+1-555-544-6008,Faculty
M0102,Richard Thompson,+1-555-220-5939,Student
M0103,James Jackson,+1-555-460-9568,Faculty
M0104,John Hernandez,+1-555-050-6510,Student
M0105,Barbara Martin,+1-555-567-0044,Faculty
M0106,Robert Miller,+1-555-603-6917,Student
M0107,James Johnson,+1-555-912-2925,Faculty
M0108,Joseph Smith,+1-555-241-1974,Student
M0109,Jennifer Rodriguez,+1-555-080-8655,Faculty
M0110,Jennifer Wilson,+1-555-604-1226,Student
M0111,Charles Hernandez,+1-555-465-3225,Faculty
M0112,Elizabeth Davis,+1-555-138-1716,Student
M0113,Richard Anderson,+1-555-081-3561,Faculty
M0114,Jessica Williams,+1-555-015-0656,Student
M0115,Elizabeth White,+1-555-528-4794,Faculty
M0116,Thomas Martin,+1-555-493-1942,Student
M0117,William White,+1-555-925-6431,Faculty
M0118,Jessica Wilson,+1-555-261-7973,Student
M0119,Karen White,+1-555-052-7239,Faculty
M0120,Patricia Anderson,+1-555-220-6762,Student
M0121,Linda Garcia,+1-555-682-3769,Faculty
M0122,David Davis,+1-555-167-0905,Student
M0123,Joseph Martin,+1-555-383-0823,Faculty
M0124,Jessica Jackson,+1-555-646-8320,Student
M0125,Mary Miller,+1-555-666-2908,Faculty
M0126,William Moore,+1-555-980-4424,Student
M0127,Charles Martin,+1-555-856-2383,Faculty
M0128,Richard Martin,+1-555-308-3653,Student
M0129,Barbara Smith,+1-555-654-7696,Faculty
M0130,Charles Williams,+1-555-005-6851,Student
M0131,Robert Thompson,+1-555-233-6568,Faculty
M0132,Karen Hernandez,+1-555-271-1513,Student
M0133,Robert Martinez,+1-555-453-5514,Faculty
M0134,Jessica Davis,+1-555-068-6215,Student
M0135,William Jackson,+1-555-619-2390,Faculty
M0136,James Hernandez,+1-555-671-0681,Student
M0137,Charles Thompson,+1-555-544-8610,Faculty
M0138,Susan Williams,+1-555-591-0579,Student
M0139,David Hernandez,+1-555-084-4289,Faculty
M0140,James Garcia,+1-555-804-6596,Student
M0141,Richard Thompson,+1-555-240-0638,Faculty
M0142,James Anderson,+1-555-497-8021,Student
M0143,Thomas Wilson,+1-555-463-9647,Faculty
M0144,Patricia White,+1-555-520-8713,Student
M0145,James Rodriguez,+1-555-581-0372,Faculty
M0146,Mary Martin,+1-555-536-2348,Student
M0147,Mary Jones,+1-555-826-0118,Faculty
M0148,Charles Jackson,+1-555-778-2758,Student
M0149,Joseph Martin,+1-555-760-6266,Faculty
M0150,Linda Miller,+1-555-559-5159,Student
M0151,Jessica Davis,+1-555-760-8542,Faculty
M0152,Elizabeth White,+1-555-355-7418,Student
M0153,Michael Jones,+1-555-705-2936,Faculty
M0154,Thomas Martinez,+1-555-797-4724,Student
M0155,Sarah Smith,+1-555-193-9916,Faculty
M0156,Mary Moore,+1-555-508-7107,Student
M0157,Elizabeth Thompson,+1-555-905-5876,Faculty
M0158,Thomas Rodriguez,+1-555-843-4945,Student
M0159,Richard Davis,+1-555-812-8151,Faculty
M0160,John Jones,+1-555-157-6639,Student
M0161,James Taylor,+1-555-112-1908,Faculty
M0162,Robert Jones,+1-555-937-1276,Student
M0163,Mary Williams,+1-555-619-7014,Faculty
M0164,Mary Miller,+1-555-118-2910,Student
M0165,Joseph Martinez,+1-555-590-1743,Faculty
M0166,Barbara Jackson,+1-555-592-3414,Student
M0167,Robert Hernandez,+1-555-165-7982,Faculty
M0168,Charles Jackson,+1-555-233-7838,Student
M0169,Mary Davis,+1-555-485-9243,Faculty
M0170,Patricia Miller,+1-555-688-4955,Student
M0171,Jennifer Davis,+1-555-012-6888,Faculty
M0172,John Taylor,+1-555-797-4908,Student
M0173,Robert Williams,+1-555-868-7615,Faculty
M0174,Robert Garcia,+1-555-330-7339,Student
M0175,David Anderson,+1-555-992-6840,Faculty
M0176,John White,+1-555-563-0681,Student
M0177,Susan Taylor,+1-555-501-5169,Faculty
M0178,Jessica Miller,+1-555-686-6435,Student
M0179,Jessica Martin,+1-555-658-4662,Faculty
M0180,Elizabeth Jones,+1-555-964-8241,Student
M0181,Robert Rodriguez,+1-555-576-1752,Faculty
M0182,Linda Anderson,+1-555-053-1603,Student
M0183,Jessica Moore,+1-555-753-7319,Faculty
M0184,Richard Taylor,+1-555-559-2276,Student
M0185,John Brown,+1-555-836-7739,Faculty
M0186,David Wilson,+1-555-504-3209,Student
M0187,Thomas Anderson,+1-555-503-5764,Faculty
M0188,William Moore,+1-555-503-1616,Student
M0189,David Thomas,+1-555-747-2031,Faculty
M0190,Richard Brown,+1-555-502-6339,Student
M0191,David Moore,+1-555-788-0721,Faculty
M0192,Sarah Rodriguez,+1-555-674-9924,Student
M0193,Susan Taylor,+1-555-574-3595,Faculty
M0194,Joseph Taylor,+1-555-689-5824,Student
M0195,John Miller,+1-555-584-8726,Faculty
M0196,Robert Jones,+1-555-258-1390,Student
M0197,Sarah Miller,+1-555-348-1414,Faculty
M0198,Karen Davis,+1-555-760-1311,Student
M0199,William Anderson,+1-555-268-3129,Faculty
M0200,Elizabeth Martinez,+1-555-551-0973,Student
M0201,Thomas Wilson,+1-555-526-3543,Faculty
M0202,John Anderson,+1-555-381-2974,Student
M0203,Elizabeth Rodriguez,+1-555-297-8177,Faculty
M0204,Jennifer Smith,+1-555-058-1775,Student
M0205,Jennifer Martin,+1-555-061-3731,Faculty
M0206,Sarah Davis,+1-555-599-0058,Student
M0207,Sarah Brown,+1-555-543-6371,Faculty
M0208,Elizabeth Martinez,+1-555-898-1603,Student
M0209,Linda Brown,+1-555-362-3921,Faculty
M0210,Elizabeth Thomas,+1-555-120-7508,Student
M0211,William Wilson,+1-555-638-0103,Faculty
M0212,Richard Johnson,+1-555-185-0422,Student
M0213,Linda Hernandez,+1-555-380-0633,Faculty
M0214,James Anderson,+1-555-488-5754,Student
M0215,James Williams,+1-555-543-5683,Faculty
M0216,Patricia Smith,+1-555-848-4601,Student
M0217,Susan Jackson,+1-555-180-5615,Faculty
M0218,Sarah Thompson,+1-555-471-4009,Student
M0219,Robert Miller,+1-555-458-1902,Faculty
M0220,Patricia Hernandez,+1-555-382-8376,Student
M0221,Barbara White,+1-555-419-6156,Faculty
M0222,Mary Jackson,+1-555-526-7888,Student
M0223,Susan Hernandez,+1-555-177-2126,Faculty
M0224,Robert Thomas,+1-555-036-6068,Student
M0225,Jessica Miller,+1-555-953-5092,Faculty
M0226,Mary Garcia,+1-555-117-3503,Student
M0227,William Thompson,+1-555-930-4569,Faculty
M0228,Linda Jones,+1-555-050-2569,Student
M0229,James Garcia,+1-555-790-5296,Faculty
M0230,Robert Miller,+1-555-397-5955,Student
M0231,Elizabeth Hernandez,+1-555-432-1830,Faculty
M0232,Mary Jackson,+1-555-058-2871,Student
M0233,William Davis,+1-555-468-4020,Faculty
M0234,Richard Brown,+1-555-734-8107,Student
M0235,Jennifer Miller,+1-555-266-4268,Faculty
M0236,Sarah Hernandez,+1-555-051-0108,Student
M0237,John Wilson,+1-555-371-0057,Faculty
M0238,Joseph Moore,+1-555-545-8549,Student
M0239,James Miller,+1-555-873-9057,Faculty
M0240,Thomas Moore,+1-555-518-4567,Student
M0241,Elizabeth Smith,+1-555-491-1860,Faculty
M0242,Robert Brown,+1-555-615-6336,Student
M0243,Linda Williams,+1-555-278-4283,Faculty
M0244,Jessica Wilson,+1-555-124-6870,Student
M0245,Michael Brown,+1-555-900-6811,Faculty
M0246,Susan Martinez,+1-555-127-9595,Student
M0247,Susan Jackson,+1-555-145-1490,Faculty
M0248,Barbara Garcia,+1-555-989-3240,Student
M0249,John Hernandez,+1-555-144-0678,Faculty
M0250,William Martinez,+1-555-771-2931,Student
M0251,James Wilson,+1-555-506-1755,Faculty
M0252,Jessica Smith,+1-555-065-8699,Student
M0253,James Anderson,+1-555-238-9371,Faculty
M0254,Joseph Hernandez,+1-555-130-1624,Student
M0255,Elizabeth Smith,+1-555-218-3933,Faculty
M0256,James Hernandez,+1-555-562-0637,Student
M0257,Charles Thomas,+1-555-256-1056,Faculty
M0258,James Smith,+1-555-158-2056,Student
M0259,Karen Wilson,+1-555-705-3854,Faculty
M0260,Patricia Moore,+1-555-239-9742,Student
M0261,Jessica Anderson,+1-555-157-2428,Faculty
M0262,David Moore,+1-555-158-6305,Student
M0263,Jessica Brown,+1-555-296-2358,Faculty
M0264,Jennifer Moore,+1-555-017-4988,Student
M0265,Jennifer Hernandez,+1-555-703-3861,Faculty
M0266,Richard Williams,+1-555-900-8658,Student
M0267,Charles Smith,+1-555-016-0634,Faculty
M0268,Susan Brown,+1-555-841-0692,Student
M0269,Robert Johnson,+1-555-733-6114,Faculty
M0270,Patricia Hernandez,+1-555-016-3786,Student
M0271,James Williams,+1-555-409-7425,Faculty
M0272,Thomas Davis,+1-555-582-5110,Student
M0273,James Brown,+1-555-600-6889,Faculty
M0274,Richard Moore,+1-555-098-6854,Student
M0275,Mary Taylor,+1-555-155-6370,Faculty
M0276,Karen Moore,+1-555-571-7681,Student
M0277,Charles Williams,+1-555-626-7409,Faculty
M0278,Linda Moore,+1-555-323-1990,Student
M0279,Jessica Thomas,+1-555-823-9987,Faculty
M0280,Barbara Smith,+1-555-606-8802,Student
M0281,Charles Thomas,+1-555-481-5360,Faculty
M0282,James Taylor,+1-555-115-8232,Student
M0283,Mary Brown,+1-555-270-6634,Faculty
M0284,Jessica Smith,+1-555-097-6616,Student
M0285,David Hernandez,+1-555-607-6189,Faculty
M0286,Robert Thomas,+1-555-043-8506,Student
M0287,Elizabeth Taylor,+1-555-279-1598,Faculty
M0288,Elizabeth Jackson,+1-555-172-9330,Student
M0289,Jennifer Taylor,+1-555-036-1870,Faculty
M0290,Thomas Rodriguez,+1-555-043-0011,Student
M0291,David Anderson,+1-555-356-6694,Faculty
M0292,Richard Johnson,+1-555-408-5470,Student
M0293,Karen Jackson,+1-555-033-5418,Faculty
M0294,James Jones,+1-555-044-7706,Student
M0295,Mary Moore,+1-555-861-7960,Faculty
M0296,Susan White,+1-555-389-2682,Student
M0297,Michael Martin,+1-555-606-1272,Faculty
M0298,Robert White,+1-555-279-7588,Student
M0299,Karen Williams,+1-555-690-2811,Faculty
M0300,Mary Williams,+1-555-843-9174,Student
M0301,Charles Moore,+1-555-508-2461,Faculty
M0302,Susan Johnson,+1-555-627-5049,Student
M0303,James Davis,+1-555-277-1828,Faculty
M0304,Sarah Rodriguez,+1-555-691-4688,Student
M0305,Barbara Wilson,+1-555-347-9344,Faculty
M0306,James Hernandez,+1-555-290-9639,Student
M0307,William Hernandez,+1-555-116-7563,Faculty
M0308,William Taylor,+1-555-646-5302,Student
M0309,David Martin,+1-555-139-2521,Faculty
M0310,Susan Anderson,+1-555-675-9452,Student
M0311,Sarah Martin,+1-555-482-0742,Faculty
M0312,Thomas Jones,+1-555-508-0646,Student
M0313,William White,+1-555-566-9228,Faculty
M0314,William Taylor,+1-555-368-0439,Student
M0315,Karen Rodriguez,+1-555-702-0092,Faculty
M0316,Thomas Hernandez,+1-555-566-1407,Student
M0317,William Smith,+1-555-748-6978,Faculty
M0318,John Davis,+1-555-424-2711,Student
M0319,Sarah Anderson,+1-555-009-0579,Faculty
M0320,Mary Williams,+1-555-011-1313,Student
M0321,Thomas Miller,+1-555-612-1647,Faculty
M0322,Richard Hernandez,+1-555-221-2857,Student
M0323,Sarah Smith,+1-555-364-3761,Faculty
M0324,Mary Jackson,+1-555-846-3160,Student
M0325,Robert Williams,+1-555-553-3852,Faculty
M0326,Charles Anderson,+1-555-559-2525,Student
M0327,William Wilson,+1-555-342-2029,Faculty
M0328,John Williams,+1-555-285-3156,Student
M0329,Thomas Jackson,+1-555-929-1005,Faculty
M0330,William White,+1-555-734-8561,Student
M0331,James Williams,+1-555-281-1566,Faculty
M0332,Joseph Smith,+1-555-154-2243,Student
M0333,Sarah Jones,+1-555-279-8571,Faculty
M0334,Thomas Wilson,+1-555-683-7043,Student
M0335,Susan Martin,+1-555-997-2090,Faculty
M0336,Michael Miller,+1-555-341-0372,Student
M0337,Patricia Johnson,+1-555-793-9050,Faculty
M0338,Sarah Smith,+1-555-734-5250,Student
M0339,Thomas Williams,+1-555-210-1799,Faculty
M0340,Mary Smith,+1-555-902-2469,Student
M0341,Linda Martin,+1-555-921-8627,Faculty
M0342,Jessica Wilson,+1-555-248-5837,Student
M0343,James Thompson,+1-555-650-1180,Faculty
M0344,Sarah Martinez,+1-555-735-6709,Student
M0345,Joseph Anderson,+1-555-144-3339,Faculty
M0346,Mary Taylor,+1-555-873-4753,Student
M0347,James Anderson,+1-555-771-2144,Faculty
M0348,Elizabeth Brown,+1-555-263-5537,Student
M0349,Patricia Anderson,+1-555-693-2312,Faculty
M0350,Susan Martinez,+1-555-322-4158,Student
M0351,David Jones,+1-555-208-7033,Faculty
M0352,Jessica Thompson,+1-555-847-9050,Student
M0353,James Wilson,+1-555-225-6098,Faculty
M0354,Elizabeth Moore,+1-555-459-4626,Student
M0355,Mary Garcia,+1-555-928-1454,Faculty
M0356,Joseph Martin,+1-555-816-5949,Student
M0357,Sarah Martinez,+1-555-981-6751,Faculty
M0358,Sarah Miller,+1-555-278-5387,Student
M0359,Karen Davis,+1-555-692-7044,Faculty
M0360,Richard Rodriguez,+1-555-650-4328,Student
M0361,John Martin,+1-555-433-3301,Faculty
M0362,Mary Hernandez,+1-555-161-0360,Student
M0363,Barbara Smith,+1-555-964-8195,Faculty
M0364,Thomas Jones,+1-555-653-2858,Student
M0365,James White,+1-555-726-7179,Faculty
M0366,Linda Rodriguez,+1-555-631-6888,Student
M0367,David Jones,+1-555-170-9969,Faculty
M0368,Linda Smith,+1-555-194-1970,Student
M0369,Karen Smith,+1-555-676-8727,Faculty
M0370,Joseph Rodriguez,+1-555-606-7704,Student
M0371,Richard Martin,+1-555-429-7269,Faculty
M0372,Karen Wilson,+1-555-298-3791,Student
M0373,James Garcia,+1-555-572-5648,Faculty
M0374,Barbara Hernandez,+1-555-377-2168,Student
M0375,Linda Davis,+1-555-573-7157,Faculty
M0376,Michael Brown,+1-555-942-5086,Student
M0377,Richard Thomas,+1-555-718-3644,Faculty
M0378,Joseph Jackson,+1-555-503-6406,Student
M0379,Jessica Thomas,+1-555-741-4567,Faculty
M0380,Barbara White,+1-555-196-6238,Student
M0381,John Hernandez,+1-555-675-6386,Faculty
M0382,Thomas Smith,+1-555-296-2800,Student
M0383,Linda Jones,+1-555-683-1234,Faculty
M0384,James Rodriguez,+1-555-399-5294,Student
M0385,Richard Garcia,+1-555-019-1480,Faculty
M0386,John Hernandez,+1-555-766-2181,Student
M0387,Michael Taylor,+1-555-065-1789,Faculty
M0388,Thomas Wilson,+1-555-366-8284,Student
M0389,Michael Martin,+1-555-806-3285,Faculty
M0390,William Miller,+1-555-009-2051,Student
M0391,David Williams,+1-555-158-6094,Faculty
M0392,Susan Jones,+1-555-307-0070,Student
M0393,James Davis,+1-555-038-6352,Faculty
M0394,Linda Martinez,+1-555-593-3882,Student
M0395,Elizabeth Martinez,+1-555-380-9691,Faculty
M0396,John White,+1-555-925-0892,Student
M0397,Barbara Rodriguez,+1-555-130-8638,Faculty
M0398,David Davis,+1-555-687-6646,Student
M0399,Karen Brown,+1-555-515-9868,Faculty
M0400,Joseph Martinez,+1-555-189-2668,Student
M0401,Thomas Martinez,+1-555-220-7398,Faculty
M0402,Karen Thompson,+1-555-875-8760,Student
M0403,Jennifer Miller,+1-555-340-5366,Faculty
M0404,Elizabeth Hernandez,+1-555-715-1923,Student
M0405,Joseph Jones,+1-555-259-3999,Faculty
M0406,Michael Thomas,+1-555-351-8221,Student
M0407,Patricia Thomas,+1-555-502-1904,Faculty
M0408,Elizabeth Hernandez,+1-555-393-1025,Student
M0409,Jessica Davis,+1-555-241-3456,Faculty
M0410,Richard Wilson,+1-555-985-9412,Student
M0411,David Thompson,+1-555-619-1600,Faculty
M0412,Mary Wilson,+1-555-862-4389,Student
M0413,Charles Anderson,+1-555-869-9470,Faculty
M0414,Thomas Johnson,+1-555-467-7500,Student
M0415,Susan Thompson,+1-555-530-3678,Faculty
M0416,Linda Thomas,+1-555-092-6556,Student
M0417,Sarah Smith,+1-555-080-9760,Faculty
M0418,James Smith,+1-555-902-2338,Student
M0419,Jessica Miller,+1-555-886-6623,Faculty
M0420,Joseph Smith,+1-555-194-7509,Student
M0421,William Jones,+1-555-723-2526,Faculty
M0422,Robert Brown,+1-555-713-4646,Student
M0423,Joseph White,+1-555-157-7226,Faculty
M0424,William Thompson,+1-555-584-4495,Student
M0425,Patricia Thompson,+1-555-343-8764,Faculty
M0426,Elizabeth Williams,+1-555-878-3718,Student
M0427,Richard Jackson,+1-555-136-6742,Faculty
M0428,William Jones,+1-555-713-9304,Student
M0429,Linda Rodriguez,+1-555-355-6083,Faculty
M0430,Charles Hernandez,+1-555-292-3968,Student
M0431,David Thomas,+1-555-913-7641,Faculty
M0432,William Thompson,+1-555-860-0607,Student
M0433,Susan Thomas,+1-555-048-7448,Faculty
M0434,Mary Anderson,+1-555-925-3155,Student
M0435,John Rodriguez,+1-555-239-9497,Faculty
M0436,Thomas Miller,+1-555-705-3618,Student
M0437,Richard Rodriguez,+1-555-111-3409,Faculty
M0438,Charles Garcia,+1-555-401-9517,Student
M0439,Linda Williams,+1-555-779-1197,Faculty
M0440,Patricia Smith,+1-555-345-7696,Student
M0441,David Davis,+1-555-392-4150,Faculty
M0442,John Smith,+1-555-008-6398,Student
M0443,Mary Miller,+1-555-493-7820,Faculty
M0444,Robert Thomas,+1-555-701-2454,Student
M0445,Patricia Williams,+1-555-620-9564,Faculty
M0446,James Johnson,+1-555-898-4915,Student
M0447,William Moore,+1-555-823-2140,Faculty
M0448,John Smith,+1-555-029-6453,Student
M0449,Jessica Anderson,+1-555-131-0267,Faculty
M0450,Patricia Rodriguez,+1-555-946-5210,Student
M0451,James Moore,+1-555-047-1060,Faculty
M0452,Mary White,+1-555-505-6393,Student
M0453,Patricia White,+1-555-733-0505,Faculty
M0454,Jennifer Rodriguez,+1-555-958-8659,Student
M0455,Jessica Smith,+1-555-368-0505,Faculty
M0456,Barbara Anderson,+1-555-475-8131,Student
M0457,Jessica Thomas,+1-555-540-8508,Faculty
M0458,Karen Rodriguez,+1-555-023-4332,Student
M0459,Thomas White,+1-555-737-9843,Faculty
M0460,Jessica Smith,+1-555-194-2079,Student
M0461,Robert Anderson,+1-555-832-6139,Faculty
M0462,Karen Johnson,+1-555-030-2852,Student
M0463,William Johnson,+1-555-091-2248,Faculty
M0464,Jessica Martin,+1-555-039-2365,Student
M0465,Linda Rodriguez,+1-555-649-0732,Faculty
M0466,Richard Garcia,+1-555-307-2888,Student
M0467,James Martinez,+1-555-727-2143,Faculty
M0468,Jessica Williams,+1-555-875-7787,Student
M0469,Patricia Martinez,+1-555-143-8213,Faculty
M0470,Barbara Garcia,+1-555-439-4440,Student
M0471,Richard Wilson,+1-555-884-1357,Faculty
M0472,Joseph Smith,+1-555-093-2232,Student
M0473,Charles Taylor,+1-555-436-9518,Faculty
M0474,Sarah Johnson,+1-555-787-6530,Student
M0475,Sarah Thompson,+1-555-868-9787,Faculty
M0476,Jessica Rodriguez,+1-555-016-7010,Student
M0477,Robert Smith,+1-555-295-7565,Faculty
M0478,Elizabeth Moore,+1-555-998-0132,Student
M0479,Jessica Martinez,+1-555-351-2381,Faculty
M0480,Susan Martinez,+1-555-450-9176,Student
M0481,Elizabeth Jones,+1-555-562-7561,Faculty
M0482,Jennifer Brown,+1-555-810-5789,Student
M0483,Charles Taylor,+1-555-733-9690,Faculty
M0484,Thomas Anderson,+1-555-941-0120,Student
M0485,Michael Martin,+1-555-476-0918,Faculty
M0486,David Smith,+1-555-542-3707,Student
M0487,Thomas Garcia,+1-555-776-4122,Faculty
M0488,Joseph Thompson,+1-555-201-2209,Student
M0489,Karen Martinez,+1-555-230-8078,Faculty
M0490,Charles Taylor,+1-555-228-0701,Student
M0491,Richard Jones,+1-555-974-9059,Faculty
M0492,Linda Williams,+1-555-839-2160,Student
M0493,Mary Jones,+1-555-657-3269,Faculty
M0494,Thomas Thompson,+1-555-436-2402,Student
M0495,Patricia White,+1-555-962-1866,Faculty
M0496,Barbara Miller,+1-555-239-1702,Student
M0497,Jennifer Miller,+1-555-638-9282,Faculty
M0498,Linda Jackson,+1-555-366-4344,Student
M0499,Joseph Thompson,+1-555-451-5559,Faculty
M0500,Charles Williams,+1-555-585-1551,Student
M0501,John Moore,+1-555-412-5228,Faculty
M0502,Robert Thompson,+1-555-755-8525,Student
M0503,Mary Taylor,+1-555-714-8064,Faculty
M0504,Joseph Brown,+1-555-598-6508,Student
M0505,David Smith,+1-555-092-0938,Faculty
M0506,James Wilson,+1-555-579-8048,Student
M0507,Susan Martinez,+1-555-464-3099,Faculty
M0508,Karen Hernandez,+1-555-783-0329,Student
M0509,Mary Smith,+1-555-919-5265,Faculty
M0510,Karen Garcia,+1-555-735-6495,Student
M0511,Michael Rodriguez,+1-555-964-0608,Faculty
M0512,Mary Davis,+1-555-948-2838,Student
M0513,Karen Miller,+1-555-125-7672,Faculty
M0514,Susan Smith,+1-555-695-3770,Student
M0515,Jennifer Jones,+1-555-992-2580,Faculty
M0516,William Davis,+1-555-030-6113,Student
M0517,Mary Taylor,+1-555-863-0295,Faculty
M0518,Barbara Thompson,+1-555-604-3229,Student
M0519,Susan Jones,+1-555-652-7806,Faculty
M0520,John Jones,+1-555-677-1193,Student
M0521,Robert Davis,+1-555-629-7906,Faculty
M0522,Michael Brown,+1-555-990-7193,Student
M0523,Jennifer White,+1-555-672-2021,Faculty
M0524,Linda Brown,+1-555-225-8572,Student
M0525,Barbara Smith,+1-555-927-7649,Faculty
M0526,Susan Williams,+1-555-918-1243,Student
M0527,Jessica Jones,+1-555-421-7294,Faculty
M0528,Barbara Miller,+1-555-051-1273,Student
M0529,William Jones,+1-555-631-5067,Faculty
M0530,Patricia Wilson,+1-555-045-0690,Student
M0531,Elizabeth Miller,+1-555-500-0594,Faculty
M0532,Joseph Taylor,+1-555-572-7358,Student
M0533,Joseph Martinez,+1-555-941-9990,Faculty
M0534,John Garcia,+1-555-986-6045,Student
M0535,Patricia Taylor,+1-555-381-8005,Faculty
M0536,Charles Martin,+1-555-348-3177,Student
M0537,Linda Garcia,+1-555-985-5367,Faculty
M0538,Thomas Garcia,+1-555-599-2553,Student
M0539,Charles Smith,+1-555-088-7567,Faculty
M0540,Karen Hernandez,+1-555-571-7370,Student
M0541,Patricia Anderson,+1-555-507-1463,Faculty
M0542,Richard Thompson,+1-555-907-6246,Student
M0543,Michael Martin,+1-555-606-7829,Faculty
M0544,Mary Thomas,+1-555-979-2942,Student
M0545,Michael White,+1-555-973-2331,Faculty
M0546,Susan Martin,+1-555-768-1489,Student
M0547,Robert Martinez,+1-555-183-6096,Faculty
M0548,Mary Martin,+1-555-403-5621,Student
M0549,Susan Brown,+1-555-878-3289,Faculty
M0550,Elizabeth Martinez,+1-555-886-4314,Student
M0551,Patricia Taylor,+1-555-357-9876,Faculty
M0552,Karen Johnson,+1-555-124-3420,Student
M0553,Elizabeth Martin,+1-555-144-4361,Faculty
M0554,Charles Martin,+1-555-669-0095,Student
M0555,David Johnson,+1-555-967-6393,Faculty
M0556,Barbara Thompson,+1-555-599-5170,Student
M0557,Mary Martinez,+1-555-778-5057,Faculty
M0558,Linda Smith,+1-555-566-0863,Student
M0559,Patricia Martin,+1-555-221-5365,Faculty
M0560,Patricia Brown,+1-555-012-2326,Student
M0561,Linda Hernandez,+1-555-637-7047,Faculty
M0562,Barbara Rodriguez,+1-555-809-6295,Student
M0563,William Thompson,+1-555-090-4687,Faculty
M0564,Jessica Jackson,+1-555-107-9031,Student
M0565,David Garcia,+1-555-819-0977,Faculty
M0566,James Garcia,+1-555-934-1591,Student
M0567,John Moore,+1-555-844-7692,Faculty
M0568,Patricia Smith,+1-555-166-6449,Student
M0569,Thomas Thomas,+1-555-386-0519,Faculty
M0570,Robert Garcia,+1-555-480-3884,Student
M0571,Linda Wilson,+1-555-788-2500,Faculty
M0572,Richard Rodriguez,+1-555-052-0197,Student
M0573,Sarah Rodriguez,+1-555-812-9023,Faculty
M0574,Linda Anderson,+1-555-901-9398,Student
M0575,Charles Garcia,+1-555-356-5966,Faculty
M0576,Michael Thompson,+1-555-782-9377,Student
M0577,Joseph Jones,+1-555-697-4255,Faculty
M0578,Susan Hernandez,+1-555-214-1859,Student
M0579,Patricia Williams,+1-555-611-6190,Faculty
M0580,Joseph Smith,+1-555-717-4355,Student
M0581,Charles Martin,+1-555-562-4206,Faculty
M0582,Patricia Jackson,+1-555-900-4690,Student
M0583,Joseph Williams,+1-555-562-1597,Faculty
M0584,James Taylor,+1-555-889-3626,Student
M0585,Joseph Wilson,+1-555-823-1266,Faculty
M0586,Charles Smith,+1-555-648-0960,Student
M0587,Karen Miller,+1-555-401-9632,Faculty
M0588,Thomas Rodriguez,+1-555-098-5059,Student
M0589,Robert Martinez,+1-555-073-1090,Faculty
M0590,Joseph Jackson,+1-555-417-5436,Student
M0591,Richard Hernandez,+1-555-178-2351,Faculty
M0592,Richard Rodriguez,+1-555-929-9935,Student
M0593,Joseph Thompson,+1-555-152-4581,Faculty
M0594,Jessica Thomas,+1-555-097-0070,Student
M0595,Robert Thompson,+1-555-195-7982,Faculty
M0596,Robert Thomas,+1-555-919-8890,Student
M0597,Linda Jones,+1-555-533-3968,Faculty
M0598,Jessica Miller,+1-555-775-8955,Student
M0599,William Wilson,+1-555-303-0518,Faculty
M0600,Thomas Martinez,+1-555-780-1780,Student
M0601,Joseph Miller,+1-555-440-4746,Faculty
M0602,Robert Martinez,+1-555-189-9706,Student
M0603,Elizabeth Johnson,+1-555-541-1885,Faculty
M0604,Sarah Johnson,+1-555-161-0380,Student
M0605,Robert Rodriguez,+1-555-305-8282,Faculty
M0606,Jennifer Garcia,+1-555-307-5329,Student
M0607,Linda Martin,+1-555-766-8552,Faculty
M0608,Karen Hernandez,+1-555-838-2590,Student
M0609,Mary Martin,+1-555-018-2327,Faculty
M0610,Michael Garcia,+1-555-912-9952,Student
M0611,Patricia Wilson,+1-555-915-4639,Faculty
M0612,Karen Brown,+1-555-755-8668,Student
M0613,Patricia Brown,+1-555-699-2294,Faculty
M0614,Charles White,+1-555-791-6195,Student
M0615,Sarah Brown,+1-555-052-1400,Faculty
M0616,Jennifer Jackson,+1-555-593-5473,Student
M0617,Richard Rodriguez,+1-555-339-2494,Faculty
M0618,Karen Martinez,+1-555-607-7371,Student
M0619,Jennifer Jones,+1-555-265-0634,Faculty
M0620,David Smith,+1-555-201-7582,Student
M0621,Linda Thomas,+1-555-093-8231,Faculty
M0622,Jennifer Smith,+1-555-921-8821,Student
M0623,Elizabeth Martinez,+1-555-690-1018,Faculty
M0624,David White,+1-555-227-9169,Student
M0625,Linda Johnson,+1-555-791-3541,Faculty
M0626,William Jackson,+1-555-597-4352,Student
M0627,James Taylor,+1-555-706-0385,Faculty
M0628,Michael Davis,+1-555-296-9336,Student
M0629,Thomas Thompson,+1-555-011-9089,Faculty
M0630,Charles Martinez,+1-555-276-2714,Student
M0631,William Miller,+1-555-535-1107,Faculty
M0632,John Thompson,+1-555-335-9345,Student
M0633,Mary Garcia,+1-555-314-3023,Faculty
M0634,Charles Smith,+1-555-543-9442,Student
M0635,Thomas Garcia,+1-555-235-6024,Faculty
M0636,Barbara Wilson,+1-555-371-9756,Student
M0637,William Hernandez,+1-555-275-3160,Faculty
M0638,Mary Williams,+1-555-733-8007,Student
M0639,Mary Jones,+1-555-254-6853,Faculty
M0640,Elizabeth Miller,+1-555-490-5174,Student
M0641,John Martinez,+1-555-471-3232,Faculty
M0642,Patricia Williams,+1-555-135-2823,Student
M0643,Thomas Garcia,+1-555-760-0563,Faculty
M0644,Elizabeth Martin,+1-555-406-0783,Student
M0645,Richard Thomas,+1-555-855-4208,Faculty
M0646,Charles White,+1-555-551-9072,Student
M0647,Thomas Davis,+1-555-410-8422,Faculty
M0648,Jessica Johnson,+1-555-823-4900,Student
M0649,Karen Williams,+1-555-676-9837,Faculty
M0650,Robert Brown,+1-555-979-5345,Student
M0651,Robert Wilson,+1-555-628-1254,Faculty
M0652,William Garcia,+1-555-061-0852,Student
M0653,John Brown,+1-555-629-7485,Faculty
M0654,Thomas Wilson,+1-555-150-0728,Student
M0655,Patricia Thomas,+1-555-600-6745,Faculty
M0656,Robert Jones,+1-555-626-9390,Student
M0657,Karen White,+1-555-035-4312,Faculty
M0658,Joseph Smith,+1-555-054-3780,Student
M0659,Elizabeth Wilson,+1-555-293-4965,Faculty
M0660,James Brown,+1-555-709-9840,Student
M0661,Michael Martin,+1-555-663-7876,Faculty
M0662,Susan Jackson,+1-555-606-0756,Student
M0663,Barbara Taylor,+1-555-636-4130,Faculty
M0664,Robert Hernandez,+1-555-959-1033,Student
M0665,Patricia Martin,+1-555-537-0487,Faculty
M0666,Karen Jones,+1-555-717-7749,Student
M0667,Joseph Brown,+1-555-357-0357,Faculty
M0668,Mary Brown,+1-555-145-3783,Student
M0669,Patricia Moore,+1-555-809-9160,Faculty
M0670,Thomas Garcia,+1-555-428-8519,Student
M0671,Linda Williams,+1-555-137-3269,Faculty
M0672,Jessica Jackson,+1-555-402-6153,Student
M0673,Linda Anderson,+1-555-097-3933,Faculty
M0674,Mary Rodriguez,+1-555-875-6504,Student
M0675,Mary Moore,+1-555-817-8425,Faculty
M0676,Linda Garcia,+1-555-765-3084,Student
M0677,Michael Hernandez,+1-555-777-0125,Faculty
M0678,Elizabeth Jackson,+1-555-531-6246,Student
M0679,Susan Smith,+1-555-652-5782,Faculty
M0680,Sarah Taylor,+1-555-464-9937,Student
M0681,Charles Hernandez,+1-555-873-7358,Faculty
M0682,Charles White,+1-555-812-7393,Student
M0683,Jessica Miller,+1-555-741-7956,Faculty
M0684,David Smith,+1-555-549-2388,Student
M0685,Karen White,+1-555-913-0855,Faculty
M0686,Robert Hernandez,+1-555-719-4661,Student
M0687,Sarah Brown,+1-555-114-9162,Faculty
M0688,Karen Rodriguez,+1-555-300-9478,Student
M0689,Mary Anderson,+1-555-211-4254,Faculty
M0690,William Miller,+1-555-484-6883,Student
M0691,Michael Rodriguez,+1-555-972-1372,Faculty
M0692,Linda Thompson,+1-555-270-0419,Student
M0693,Thomas Moore,+1-555-710-2090,Faculty
M0694,Charles Moore,+1-555-604-7624,Student
M0695,William Jackson,+1-555-709-5011,Faculty
M0696,Linda Anderson,+1-555-923-3915,Student
M0697,Linda Smith,+1-555-980-3953,Faculty
M0698,Michael Garcia,+1-555-816-7859,Student
M0699,David Thompson,+1-555-795-6165,Faculty
M0700,Robert Anderson,+1-555-859-7709,Student
M0701,Thomas Moore,+1-555-836-9482,Faculty
M0702,Elizabeth Martinez,+1-555-623-2066,Student
M0703,Elizabeth Anderson,+1-555-273-9335,Faculty
M0704,John Jackson,+1-555-071-3509,Student
M0705,William Thompson,+1-555-888-2363,Faculty
M0706,Barbara Smith,+1-555-355-8532,Student
M0707,Michael Thomas,+1-555-270-3201,Faculty
M0708,John Thompson,+1-555-704-6997,Student
M0709,Mary Wilson,+1-555-719-2684,Faculty
M0710,Michael Thompson,+1-555-307-6808,Student
M0711,Elizabeth Jackson,+1-555-324-6825,Faculty
M0712,James Thomas,+1-555-038-5000,Student
M0713,David Miller,+1-555-362-8449,Faculty
M0714,Mary Rodriguez,+1-555-041-4923,Student
M0715,Linda Moore,+1-555-305-7926,Faculty
M0716,Elizabeth Jones,+1-555-882-2591,Student
M0717,Karen Thompson,+1-555-714-7442,Faculty
M0718,Elizabeth Smith,+1-555-596-3149,Student
M0719,William Garcia,+1-555-552-3677,Faculty
M0720,Michael Anderson,+1-555-692-9416,Student
M0721,Joseph Thomas,+1-555-887-1110,Faculty
M0722,Jessica Smith,+1-555-094-0364,Student
M0723,Robert Martinez,+1-555-272-1942,Faculty
M0724,John Anderson,+1-555-652-8625,Student
M0725,Patricia Hernandez,+1-555-938-1714,Faculty
M0726,Michael Garcia,+1-555-591-1638,Student
M0727,Jennifer Rodriguez,+1-555-498-3335,Faculty
M0728,John Taylor,+1-555-859-6296,Student
M0729,David Thompson,+1-555-308-3566,Faculty
M0730,Robert Smith,+1-555-383-6810,Student
M0731,Joseph Moore,+1-555-766-3975,Faculty
M0732,Linda Williams,+1-555-666-7213,Student
M0733,Jennifer Rodriguez,+1-555-811-4783,Faculty
M0734,Mary Taylor,+1-555-623-0487,Student
M0735,Richard Martinez,+1-555-854-7244,Faculty
M0736,Susan Garcia,+1-555-801-3069,Student
M0737,Joseph Martin,+1-555-362-9901,Faculty
M0738,John Moore,+1-555-487-5883,Student
M0739,James White,+1-555-689-2972,Faculty
M0740,Sarah Davis,+1-555-385-8215,Student
M0741,Richard Thompson,+1-555-785-7565,Faculty
M0742,Jessica Williams,+1-555-952-2995,Student
M0743,Charles Martin,+1-555-535-0286,Faculty
M0744,Thomas Taylor,+1-555-505-9770,Student
M0745,David Martinez,+1-555-656-5591,Faculty
M0746,Richard Thomas,+1-555-298-8064,Student
M0747,Jessica Rodriguez,+1-555-283-2473,Faculty
M0748,Mary Hernandez,+1-555-835-1732,Student
M0749,Richard Brown,+1-555-376-7808,Faculty
M0750,Michael Wilson,+1-555-614-2976,Student
M0751,Barbara Jackson,+1-555-683-2179,Faculty
M0752,Susan Taylor,+1-555-128-2820,Student
M0753,Richard Hernandez,+1-555-265-3712,Faculty
M0754,Michael Martinez,+1-555-685-5280,Student
M0755,Michael Thompson,+1-555-736-9698,Faculty
M0756,Mary White,+1-555-598-3016,Student
M0757,John Martinez,+1-555-323-8365,Faculty
M0758,Jessica Davis,+1-555-582-4591,Student
M0759,Charles Thompson,+1-555-188-9902,Faculty
M0760,David Williams,+1-555-272-5775,Student
M0761,Barbara Williams,+1-555-904-7021,Faculty
M0762,Robert Garcia,+1-555-915-1629,Student
M0763,John Moore,+1-555-502-9676,Faculty
M0764,Barbara Martin,+1-555-950-8231,Student
M0765,Charles Jackson,+1-555-111-7527,Faculty
M0766,Karen Rodriguez,+1-555-851-7495,Student
M0767,Linda Martin,+1-555-039-5139,Faculty
M0768,Jennifer White,+1-555-455-1839,Student
M0769,Mary Smith,+1-555-666-9361,Faculty
M0770,Susan Martin,+1-555-848-7500,Student
M0771,Joseph Martinez,+1-555-823-0441,Faculty
M0772,Jennifer Jackson,+1-555-525-1940,Student
M0773,Linda Hernandez,+1-555-376-2433,Faculty
M0774,James Jones,+1-555-729-6378,Student
M0775,James Johnson,+1-555-952-4646,Faculty
M0776,Thomas Hernandez,+1-555-832-8071,Student
M0777,David Martinez,+1-555-739-0111,Faculty
M0778,Jessica Taylor,+1-555-776-0896,Student
M0779,Barbara Moore,+1-555-872-0447,Faculty
M0780,Elizabeth Garcia,+1-555-201-2484,Student
M0781,Joseph Williams,+1-555-506-3729,Faculty
M0782,William Thomas,+1-555-445-4060,Student
M0783,Michael Hernandez,+1-555-466-1035,Faculty
M0784,Sarah Anderson,+1-555-576-1227,Student
M0785,Jessica Wilson,+1-555-102-1741,Faculty
M0786,Susan Anderson,+1-555-328-8622,Student
M0787,Sarah Wilson,+1-555-261-8113,Faculty
M0788,Elizabeth Wilson,+1-555-141-2859,Student
M0789,Michael Johnson,+1-555-128-0458,Faculty
M0790,Mary Garcia,+1-555-858-2515,Student
M0791,Richard Anderson,+1-555-682-2839,Faculty
M0792,Charles Anderson,+1-555-458-8001,Student
M0793,Richard Miller,+1-555-025-9454,Faculty
M0794,Linda Johnson,+1-555-779-7258,Student
M0795,Barbara Hernandez,+1-555-402-6163,Faculty
M0796,Jessica Martin,+1-555-950-8540,Student
M0797,Richard Rodriguez,+1-555-072-7152,Faculty
M0798,Sarah Moore,+1-555-068-6609,Student
M0799,Karen Smith,+1-555-292-5932,Faculty
M0800,Mary Williams,+1-555-026-5131,Student
M0801,Robert Williams,+1-555-958-3815,Faculty
M0802,Mary White,+1-555-781-4935,Student
M0803,Jennifer Jones,+1-555-242-2697,Faculty
M0804,Joseph Anderson,+1-555-806-3516,Student
M0805,Jessica Jones,+1-555-468-0344,Faculty
M0806,Charles Miller,+1-555-831-8491,Student
M0807,Charles Jackson,+1-555-124-0592,Faculty
M0808,Richard Martinez,+1-555-156-8510,Student
M0809,Karen Martin,+1-555-106-2890,Faculty
M0810,Jessica Thomas,+1-555-443-3034,Student
M0811,Mary Smith,+1-555-851-5288,Faculty
M0812,Jennifer Williams,+1-555-003-7855,Student
M0813,William Martin,+1-555-608-2548,Faculty
M0814,John White,+1-555-296-9156,Student
M0815,Karen Martinez,+1-555-038-2614,Faculty
M0816,David Williams,+1-555-621-9325,Student
M0817,David White,+1-555-928-2781,Faculty
M0818,Elizabeth Hernandez,+1-555-472-4903,Student
M0819,William Garcia,+1-555-375-3570,Faculty
M0820,John Thompson,+1-555-057-7944,Student
M0821,David Garcia,+1-555-594-5802,Faculty
M0822,Patricia Brown,+1-555-066-9025,Student
M0823,Michael Thompson,+1-555-997-8306,Faculty
M0824,Charles White,+1-555-960-3789,Student
M0825,Susan White,+1-555-374-1315,Faculty
M0826,Patricia Martinez,+1-555-672-4497,Student
M0827,Robert Moore,+1-555-610-8509,Faculty
M0828,Robert Davis,+1-555-922-4748,Student
M0829,Joseph Johnson,+1-555-916-2669,Faculty
M0830,Karen Johnson,+1-555-993-0982,Student
M0831,Richard Garcia,+1-555-831-8009,Faculty
M0832,John Moore,+1-555-905-7202,Student
M0833,Karen Jones,+1-555-046-1888,Faculty
M0834,Charles Martinez,+1-555-967-5821,Student
M0835,Susan Jackson,+1-555-426-6508,Faculty
M0836,Joseph White,+1-555-548-1902,Student
M0837,James Wilson,+1-555-355-7617,Faculty
M0838,William Jones,+1-555-426-7014,Student
M0839,Robert White,+1-555-997-1725,Faculty
M0840,Elizabeth Jackson,+1-555-644-7007,Student
M0841,Susan Thomas,+1-555-045-4120,Faculty
M0842,Richard Jackson,+1-555-906-3919,Student
M0843,Joseph Jackson,+1-555-665-4787,Faculty
M0844,John Martin,+1-555-770-0067,Student
M0845,Barbara Wilson,+1-555-883-5050,Faculty
M0846,Robert Jones,+1-555-592-5558,Student
M0847,Karen Rodriguez,+1-555-398-6932,Faculty
M0848,Linda Davis,+1-555-918-7481,Student
M0849,Joseph Smith,+1-555-207-2079,Faculty
M0850,Charles Moore,+1-555-156-0442,Student
M0851,Thomas Thompson,+1-555-741-9718,Faculty
M0852,Linda Thompson,+1-555-489-3823,Student
M0853,Barbara Anderson,+1-555-920-9468,Faculty
M0854,Charles Martinez,+1-555-199-0553,Student
M0855,Sarah Taylor,+1-555-357-0256,Faculty
M0856,Thomas Johnson,+1-555-138-4356,Student
M0857,Linda Brown,+1-555-552-9065,Faculty
M0858,James Johnson,+1-555-241-6179,Student
M0859,David Williams,+1-555-407-4665,Faculty
M0860,Mary Rodriguez,+1-555-651-2118,Student
M0861,Jennifer Thomas,+1-555-318-3228,Faculty
M0862,John Wilson,+1-555-707-5797,Student
M0863,Elizabeth Rodriguez,+1-555-253-4983,Faculty
M0864,Richard Moore,+1-555-580-0131,Student
M0865,Patricia White,+1-555-779-1979,Faculty
M0866,John Martinez,+1-555-933-3565,Student
M0867,Jennifer Rodriguez,+1-555-102-7137,Faculty
M0868,Richard Hernandez,+1-555-110-6667,Student
M0869,Mary Johnson,+1-555-992-0077,Faculty
M0870,Linda Thomas,+1-555-225-0060,Student
M0871,Karen Jones,+1-555-427-5260,Faculty
M0872,John Brown,+1-555-417-4731,Student
M0873,Karen Jones,+1-555-789-4008,Faculty
M0874,Mary Brown,+1-555-573-2638,Student
M0875,Robert White,+1-555-069-8144,Faculty
M0876,Thomas Jones,+1-555-637-8499,Student
M0877,Charles Martin,+1-555-211-8050,Faculty
M0878,Karen Garcia,+1-555-428-3858,Student
M0879,Robert Taylor,+1-555-859-7763,Faculty
M0880,Robert Miller,+1-555-116-8736,Student
M0881,David Hernandez,+1-555-194-2307,Faculty
M0882,Barbara White,+1-555-932-6840,Student
M0883,William Thomas,+1-555-383-0876,Faculty
M0884,Elizabeth Jones,+1-555-461-6097,Student
M0885,William Davis,+1-555-659-5441,Faculty
M0886,Mary Hernandez,+1-555-696-6173,Student
M0887,Robert Smith,+1-555-417-3841,Faculty
M0888,Susan Davis,+1-555-385-4661,Student
M0889,Jennifer Wilson,+1-555-390-9538,Faculty
M0890,Elizabeth Brown,+1-555-839-0511,Student
M0891,Thomas Smith,+1-555-657-2520,Faculty
M0892,Barbara White,+1-555-017-2506,Student
M0893,Susan Moore,+1-555-859-4365,Faculty
M0894,Mary Moore,+1-555-273-9982,Student
M0895,Michael Taylor,+1-555-288-0056,Faculty
M0896,Sarah Miller,+1-555-021-5407,Student
M0897,Richard Johnson,+1-555-436-4857,Faculty
M0898,Thomas Davis,+1-555-328-7176,Student
M0899,Elizabeth Johnson,+1-555-231-5400,Faculty
M0900,Charles Garcia,+1-555-165-4162,Student
M0901,David Anderson,+1-555-729-1867,Faculty
M0902,Karen Miller,+1-555-404-8700,Student
M0903,Barbara Moore,+1-555-685-3550,Faculty
M0904,William Brown,+1-555-002-7922,Student
M0905,Susan Martinez,+1-555-794-5242,Faculty
M0906,David Martin,+1-555-925-4919,Student
M0907,Jessica Jones,+1-555-212-9376,Faculty
M0908,Michael Moore,+1-555-565-5852,Student
M0909,Susan Hernandez,+1-555-839-3213,Faculty
M0910,Karen Wilson,+1-555-140-5065,Student
M0911,Joseph White,+1-555-324-8758,Faculty
M0912,David Brown,+1-555-662-8625,Student
M0913,Linda Smith,+1-555-866-7914,Faculty
M0914,Susan Hernandez,+1-555-265-7968,Student
M0915,Mary Wilson,+1-555-486-1797,Faculty
M0916,Jessica Rodriguez,+1-555-686-9293,Student
M0917,Charles Garcia,+1-555-458-2729,Faculty
M0918,Sarah Martinez,+1-555-718-7290,Student
M0919,William Williams,+1-555-769-6116,Faculty
M0920,Thomas Johnson,+1-555-285-6881,Student
M0921,Thomas Williams,+1-555-993-1454,Faculty
M0922,Linda Brown,+1-555-497-1846,Student
M0923,Karen Martin,+1-555-031-3305,Faculty
M0924,Jennifer Wilson,+1-555-859-6889,Student
M0925,James Jones,+1-555-950-8577,Faculty
M0926,Jennifer Martin,+1-555-900-8611,Student
M0927,James Martinez,+1-555-128-7532,Faculty
M0928,Thomas Davis,+1-555-721-1861,Student
M0929,Robert Williams,+1-555-066-2473,Faculty
M0930,John Brown,+1-555-672-6494,Student
M0931,Charles Jackson,+1-555-452-1074,Faculty
M0932,Thomas Moore,+1-555-560-1812,Student
M0933,William White,+1-555-654-7915,Faculty
M0934,Patricia Smith,+1-555-060-1255,Student
M0935,Patricia Thomas,+1-555-092-0322,Faculty
M0936,Barbara Johnson,+1-555-256-3938,Student
M0937,Susan Martinez,+1-555-483-0047,Faculty
M0938,James White,+1-555-674-9307,Student
M0939,David Jones,+1-555-281-0723,Faculty
M0940,William Taylor,+1-555-962-5153,Student
M0941,David Thompson,+1-555-424-0458,Faculty
M0942,Karen Miller,+1-555-465-1243,Student
M0943,Thomas Taylor,+1-555-330-8731,Faculty
M0944,Mary Anderson,+1-555-373-6764,Student
M0945,Thomas Jones,+1-555-662-4884,Faculty
M0946,Patricia Brown,+1-555-211-2499,Student
M0947,John Jackson,+1-555-081-8368,Faculty
M0948,Mary White,+1-555-835-8452,Student
M0949,Richard Anderson,+1-555-342-5122,Faculty
M0950,Sarah Brown,+1-555-304-4770,Student
M0951,Richard Taylor,+1-555-222-8505,Faculty
M0952,John Brown,+1-555-829-1047,Student
M0953,Linda Martinez,+1-555-424-0716,Faculty
M0954,Mary Wilson,+1-555-384-6727,Student
M0955,Jessica Moore,+1-555-810-4061,Faculty
M0956,Robert Thompson,+1-555-433-8707,Student
M0957,Susan Moore,+1-555-045-1560,Faculty
M0958,Susan Anderson,+1-555-508-9073,Student
M0959,Joseph Garcia,+1-555-116-1762,Faculty
M0960,David Johnson,+1-555-386-1846,Student
M0961,Michael Johnson,+1-555-525-4076,Faculty
M0962,Robert Taylor,+1-555-980-6478,Student
M0963,Thomas Martin,+1-555-070-6302,Faculty
M0964,Patricia Thomas,+1-555-480-3344,Student
M0965,Patricia Davis,+1-555-280-2878,Faculty
M0966,Barbara Johnson,+1-555-777-5820,Student
M0967,Patricia Hernandez,+1-555-407-1257,Faculty
M0968,Charles Martinez,+1-555-874-2030,Student
M0969,William Wilson,+1-555-880-7238,Faculty
M0970,Linda Thomas,+1-555-571-2394,Student
M0971,John Hernandez,+1-555-585-8760,Faculty
M0972,Patricia Martin,+1-555-730-5919,Student
M0973,John Jones,+1-555-421-1370,Faculty
M0974,Jessica Rodriguez,+1-555-107-4391,Student
M0975,Patricia Smith,+1-555-789-3186,Faculty
M0976,Robert Jackson,+1-555-944-7490,Student
M0977,Charles Davis,+1-555-174-0496,Faculty
M0978,Jennifer Davis,+1-555-225-5488,Student
M0979,James Brown,+1-555-977-0078,Faculty
M0980,Elizabeth Taylor,+1-555-349-4358,Student
M0981,Barbara Wilson,+1-555-454-1903,Faculty
M0982,Elizabeth Jones,+1-555-886-9573,Student
M0983,Jennifer Moore,+1-555-896-1153,Faculty
M0984,Mary Anderson,+1-555-633-1224,Student
M0985,Barbara Smith,+1-555-747-2877,Faculty
M0986,Richard Garcia,+1-555-667-4659,Student
M0987,Barbara Johnson,+1-555-921-9283,Faculty
M0988,Linda Miller,+1-555-388-0983,Student
M0989,David Wilson,+1-555-040-3729,Faculty
M0990,Charles Miller,+1-555-535-7258,Student
M0991,Jennifer Davis,+1-555-788-5963,Faculty
M0992,David Moore,+1-555-272-5521,Student
M0993,William Anderson,+1-555-811-1505,Faculty
M0994,Jessica Thompson,+1-555-572-8792,Student
M0995,Charles Jackson,+1-555-092-9005,Faculty
M0996,Joseph Jackson,+1-555-012-4966,Student
M0997,Michael Martin,+1-555-879-2660,Faculty
M0998,Robert Taylor,+1-555-193-8204,Student
M0999,Thomas Rodriguez,+1-555-463-2930,Faculty
M1000,Sarah Davis,+1-555-257-3972,Student
